{
  "params": {
    "a": 0.4,
    "b": 0.6000000000000001,
    "c": 0.4,
    "u": -0.7999999999999989
  },
  "results": {
    "FHM": {
      "f1": 0.7149739060618225,
      "acc": 0.716
    },
    "HARM": {
      "f1": 0.792169887278583,
      "acc": 0.8022598870056498
    }
  },
  "weights": {
    "fhm": 0.7,
    "harm": 0.3
  },
  "best_score": 0.7381327004268506
}